{
  "w3c/css-houdini-drafts/145": {
    "ETag": "W/\"bc1797ca4b260fbe53321af2aa22642d\"", 
    "assignee": {
      "avatar_url": "https://avatars3.githubusercontent.com/u/682840?v=3", 
      "events_url": "https://api.github.com/users/tabatkins/events{/privacy}", 
      "followers_url": "https://api.github.com/users/tabatkins/followers", 
      "following_url": "https://api.github.com/users/tabatkins/following{/other_user}", 
      "gists_url": "https://api.github.com/users/tabatkins/gists{/gist_id}", 
      "gravatar_id": "", 
      "html_url": "https://github.com/tabatkins", 
      "id": 682840, 
      "login": "tabatkins", 
      "organizations_url": "https://api.github.com/users/tabatkins/orgs", 
      "received_events_url": "https://api.github.com/users/tabatkins/received_events", 
      "repos_url": "https://api.github.com/users/tabatkins/repos", 
      "site_admin": false, 
      "starred_url": "https://api.github.com/users/tabatkins/starred{/owner}{/repo}", 
      "subscriptions_url": "https://api.github.com/users/tabatkins/subscriptions", 
      "type": "User", 
      "url": "https://api.github.com/users/tabatkins"
    }, 
    "assignees": [
      {
        "avatar_url": "https://avatars3.githubusercontent.com/u/682840?v=3", 
        "events_url": "https://api.github.com/users/tabatkins/events{/privacy}", 
        "followers_url": "https://api.github.com/users/tabatkins/followers", 
        "following_url": "https://api.github.com/users/tabatkins/following{/other_user}", 
        "gists_url": "https://api.github.com/users/tabatkins/gists{/gist_id}", 
        "gravatar_id": "", 
        "html_url": "https://github.com/tabatkins", 
        "id": 682840, 
        "login": "tabatkins", 
        "organizations_url": "https://api.github.com/users/tabatkins/orgs", 
        "received_events_url": "https://api.github.com/users/tabatkins/received_events", 
        "repos_url": "https://api.github.com/users/tabatkins/repos", 
        "site_admin": false, 
        "starred_url": "https://api.github.com/users/tabatkins/starred{/owner}{/repo}", 
        "subscriptions_url": "https://api.github.com/users/tabatkins/subscriptions", 
        "type": "User", 
        "url": "https://api.github.com/users/tabatkins"
      }
    ], 
    "body_html": "", 
    "closed_at": null, 
    "closed_by": null, 
    "comments": 1, 
    "comments_url": "https://api.github.com/repos/w3c/css-houdini-drafts/issues/145/comments", 
    "created_at": "2016-04-04T00:57:37Z", 
    "events_url": "https://api.github.com/repos/w3c/css-houdini-drafts/issues/145/events", 
    "html_url": "https://github.com/w3c/css-houdini-drafts/issues/145", 
    "id": 145558658, 
    "labels": [
      {
        "color": "c5def5", 
        "default": false, 
        "id": 260299341, 
        "name": "css-typed-om-1", 
        "url": "https://api.github.com/repos/w3c/css-houdini-drafts/labels/css-typed-om-1"
      }
    ], 
    "labels_url": "https://api.github.com/repos/w3c/css-houdini-drafts/issues/145/labels{/name}", 
    "locked": false, 
    "milestone": null, 
    "number": 145, 
    "repository_url": "https://api.github.com/repos/w3c/css-houdini-drafts", 
    "state": "open", 
    "title": "[css-typed-om] When invoking the append(DOMString property (StyleValue or sequence<StyleValue> or DOMString) value) should refactor out value type-checking, as it’ll be needed by the rest of the setters too", 
    "updated_at": "2016-04-04T01:26:05Z", 
    "url": "https://api.github.com/repos/w3c/css-houdini-drafts/issues/145", 
    "user": {
      "avatar_url": "https://avatars1.githubusercontent.com/u/7919520?v=3", 
      "events_url": "https://api.github.com/users/nainar/events{/privacy}", 
      "followers_url": "https://api.github.com/users/nainar/followers", 
      "following_url": "https://api.github.com/users/nainar/following{/other_user}", 
      "gists_url": "https://api.github.com/users/nainar/gists{/gist_id}", 
      "gravatar_id": "", 
      "html_url": "https://github.com/nainar", 
      "id": 7919520, 
      "login": "nainar", 
      "organizations_url": "https://api.github.com/users/nainar/orgs", 
      "received_events_url": "https://api.github.com/users/nainar/received_events", 
      "repos_url": "https://api.github.com/users/nainar/repos", 
      "site_admin": false, 
      "starred_url": "https://api.github.com/users/nainar/starred{/owner}{/repo}", 
      "subscriptions_url": "https://api.github.com/users/nainar/subscriptions", 
      "type": "User", 
      "url": "https://api.github.com/users/nainar"
    }
  }, 
  "w3c/css-houdini-drafts/148": {
    "ETag": "W/\"1cc0bf88e805d2fad88d09be993e4e1a\"", 
    "assignee": {
      "avatar_url": "https://avatars3.githubusercontent.com/u/682840?v=3", 
      "events_url": "https://api.github.com/users/tabatkins/events{/privacy}", 
      "followers_url": "https://api.github.com/users/tabatkins/followers", 
      "following_url": "https://api.github.com/users/tabatkins/following{/other_user}", 
      "gists_url": "https://api.github.com/users/tabatkins/gists{/gist_id}", 
      "gravatar_id": "", 
      "html_url": "https://github.com/tabatkins", 
      "id": 682840, 
      "login": "tabatkins", 
      "organizations_url": "https://api.github.com/users/tabatkins/orgs", 
      "received_events_url": "https://api.github.com/users/tabatkins/received_events", 
      "repos_url": "https://api.github.com/users/tabatkins/repos", 
      "site_admin": false, 
      "starred_url": "https://api.github.com/users/tabatkins/starred{/owner}{/repo}", 
      "subscriptions_url": "https://api.github.com/users/tabatkins/subscriptions", 
      "type": "User", 
      "url": "https://api.github.com/users/tabatkins"
    }, 
    "assignees": [
      {
        "avatar_url": "https://avatars3.githubusercontent.com/u/682840?v=3", 
        "events_url": "https://api.github.com/users/tabatkins/events{/privacy}", 
        "followers_url": "https://api.github.com/users/tabatkins/followers", 
        "following_url": "https://api.github.com/users/tabatkins/following{/other_user}", 
        "gists_url": "https://api.github.com/users/tabatkins/gists{/gist_id}", 
        "gravatar_id": "", 
        "html_url": "https://github.com/tabatkins", 
        "id": 682840, 
        "login": "tabatkins", 
        "organizations_url": "https://api.github.com/users/tabatkins/orgs", 
        "received_events_url": "https://api.github.com/users/tabatkins/received_events", 
        "repos_url": "https://api.github.com/users/tabatkins/repos", 
        "site_admin": false, 
        "starred_url": "https://api.github.com/users/tabatkins/starred{/owner}{/repo}", 
        "subscriptions_url": "https://api.github.com/users/tabatkins/subscriptions", 
        "type": "User", 
        "url": "https://api.github.com/users/tabatkins"
      }
    ], 
    "body_html": "", 
    "closed_at": null, 
    "closed_by": null, 
    "comments": 2, 
    "comments_url": "https://api.github.com/repos/w3c/css-houdini-drafts/issues/148/comments", 
    "created_at": "2016-04-04T00:59:47Z", 
    "events_url": "https://api.github.com/repos/w3c/css-houdini-drafts/issues/148/events", 
    "html_url": "https://github.com/w3c/css-houdini-drafts/issues/148", 
    "id": 145559032, 
    "labels": [
      {
        "color": "c5def5", 
        "default": false, 
        "id": 260299341, 
        "name": "css-typed-om-1", 
        "url": "https://api.github.com/repos/w3c/css-houdini-drafts/labels/css-typed-om-1"
      }
    ], 
    "labels_url": "https://api.github.com/repos/w3c/css-houdini-drafts/issues/148/labels{/name}", 
    "locked": false, 
    "milestone": null, 
    "number": 148, 
    "repository_url": "https://api.github.com/repos/w3c/css-houdini-drafts", 
    "state": "open", 
    "title": "[css-typed-om] add detailed descriptions of the rest of the methods on StylePropertyMap", 
    "updated_at": "2017-04-03T01:55:24Z", 
    "url": "https://api.github.com/repos/w3c/css-houdini-drafts/issues/148", 
    "user": {
      "avatar_url": "https://avatars1.githubusercontent.com/u/7919520?v=3", 
      "events_url": "https://api.github.com/users/nainar/events{/privacy}", 
      "followers_url": "https://api.github.com/users/nainar/followers", 
      "following_url": "https://api.github.com/users/nainar/following{/other_user}", 
      "gists_url": "https://api.github.com/users/nainar/gists{/gist_id}", 
      "gravatar_id": "", 
      "html_url": "https://github.com/nainar", 
      "id": 7919520, 
      "login": "nainar", 
      "organizations_url": "https://api.github.com/users/nainar/orgs", 
      "received_events_url": "https://api.github.com/users/nainar/received_events", 
      "repos_url": "https://api.github.com/users/nainar/repos", 
      "site_admin": false, 
      "starred_url": "https://api.github.com/users/nainar/starred{/owner}{/repo}", 
      "subscriptions_url": "https://api.github.com/users/nainar/subscriptions", 
      "type": "User", 
      "url": "https://api.github.com/users/nainar"
    }
  }, 
  "w3c/css-houdini-drafts/149": {
    "ETag": "W/\"2e38a062ca489fdf342755a972c16da7\"", 
    "assignee": {
      "avatar_url": "https://avatars3.githubusercontent.com/u/682840?v=3", 
      "events_url": "https://api.github.com/users/tabatkins/events{/privacy}", 
      "followers_url": "https://api.github.com/users/tabatkins/followers", 
      "following_url": "https://api.github.com/users/tabatkins/following{/other_user}", 
      "gists_url": "https://api.github.com/users/tabatkins/gists{/gist_id}", 
      "gravatar_id": "", 
      "html_url": "https://github.com/tabatkins", 
      "id": 682840, 
      "login": "tabatkins", 
      "organizations_url": "https://api.github.com/users/tabatkins/orgs", 
      "received_events_url": "https://api.github.com/users/tabatkins/received_events", 
      "repos_url": "https://api.github.com/users/tabatkins/repos", 
      "site_admin": false, 
      "starred_url": "https://api.github.com/users/tabatkins/starred{/owner}{/repo}", 
      "subscriptions_url": "https://api.github.com/users/tabatkins/subscriptions", 
      "type": "User", 
      "url": "https://api.github.com/users/tabatkins"
    }, 
    "assignees": [
      {
        "avatar_url": "https://avatars3.githubusercontent.com/u/682840?v=3", 
        "events_url": "https://api.github.com/users/tabatkins/events{/privacy}", 
        "followers_url": "https://api.github.com/users/tabatkins/followers", 
        "following_url": "https://api.github.com/users/tabatkins/following{/other_user}", 
        "gists_url": "https://api.github.com/users/tabatkins/gists{/gist_id}", 
        "gravatar_id": "", 
        "html_url": "https://github.com/tabatkins", 
        "id": 682840, 
        "login": "tabatkins", 
        "organizations_url": "https://api.github.com/users/tabatkins/orgs", 
        "received_events_url": "https://api.github.com/users/tabatkins/received_events", 
        "repos_url": "https://api.github.com/users/tabatkins/repos", 
        "site_admin": false, 
        "starred_url": "https://api.github.com/users/tabatkins/starred{/owner}{/repo}", 
        "subscriptions_url": "https://api.github.com/users/tabatkins/subscriptions", 
        "type": "User", 
        "url": "https://api.github.com/users/tabatkins"
      }
    ], 
    "body_html": "", 
    "closed_at": null, 
    "closed_by": null, 
    "comments": 8, 
    "comments_url": "https://api.github.com/repos/w3c/css-houdini-drafts/issues/149/comments", 
    "created_at": "2016-04-04T01:01:36Z", 
    "events_url": "https://api.github.com/repos/w3c/css-houdini-drafts/issues/149/events", 
    "html_url": "https://github.com/w3c/css-houdini-drafts/issues/149", 
    "id": 145559348, 
    "labels": [
      {
        "color": "c5def5", 
        "default": false, 
        "id": 260299341, 
        "name": "css-typed-om-1", 
        "url": "https://api.github.com/repos/w3c/css-houdini-drafts/labels/css-typed-om-1"
      }
    ], 
    "labels_url": "https://api.github.com/repos/w3c/css-houdini-drafts/issues/149/labels{/name}", 
    "locked": false, 
    "milestone": null, 
    "number": 149, 
    "repository_url": "https://api.github.com/repos/w3c/css-houdini-drafts", 
    "state": "open", 
    "title": "[css-typed-om] Describe that StylePropertyMaps are not live objects", 
    "updated_at": "2017-04-03T02:15:33Z", 
    "url": "https://api.github.com/repos/w3c/css-houdini-drafts/issues/149", 
    "user": {
      "avatar_url": "https://avatars1.githubusercontent.com/u/7919520?v=3", 
      "events_url": "https://api.github.com/users/nainar/events{/privacy}", 
      "followers_url": "https://api.github.com/users/nainar/followers", 
      "following_url": "https://api.github.com/users/nainar/following{/other_user}", 
      "gists_url": "https://api.github.com/users/nainar/gists{/gist_id}", 
      "gravatar_id": "", 
      "html_url": "https://github.com/nainar", 
      "id": 7919520, 
      "login": "nainar", 
      "organizations_url": "https://api.github.com/users/nainar/orgs", 
      "received_events_url": "https://api.github.com/users/nainar/received_events", 
      "repos_url": "https://api.github.com/users/nainar/repos", 
      "site_admin": false, 
      "starred_url": "https://api.github.com/users/nainar/starred{/owner}{/repo}", 
      "subscriptions_url": "https://api.github.com/users/nainar/subscriptions", 
      "type": "User", 
      "url": "https://api.github.com/users/nainar"
    }
  }, 
  "w3c/css-houdini-drafts/159": {
    "ETag": "W/\"2e80da3f2ef1d02e29c1090ddba222a1\"", 
    "assignee": {
      "avatar_url": "https://avatars3.githubusercontent.com/u/682840?v=3", 
      "events_url": "https://api.github.com/users/tabatkins/events{/privacy}", 
      "followers_url": "https://api.github.com/users/tabatkins/followers", 
      "following_url": "https://api.github.com/users/tabatkins/following{/other_user}", 
      "gists_url": "https://api.github.com/users/tabatkins/gists{/gist_id}", 
      "gravatar_id": "", 
      "html_url": "https://github.com/tabatkins", 
      "id": 682840, 
      "login": "tabatkins", 
      "organizations_url": "https://api.github.com/users/tabatkins/orgs", 
      "received_events_url": "https://api.github.com/users/tabatkins/received_events", 
      "repos_url": "https://api.github.com/users/tabatkins/repos", 
      "site_admin": false, 
      "starred_url": "https://api.github.com/users/tabatkins/starred{/owner}{/repo}", 
      "subscriptions_url": "https://api.github.com/users/tabatkins/subscriptions", 
      "type": "User", 
      "url": "https://api.github.com/users/tabatkins"
    }, 
    "assignees": [
      {
        "avatar_url": "https://avatars3.githubusercontent.com/u/682840?v=3", 
        "events_url": "https://api.github.com/users/tabatkins/events{/privacy}", 
        "followers_url": "https://api.github.com/users/tabatkins/followers", 
        "following_url": "https://api.github.com/users/tabatkins/following{/other_user}", 
        "gists_url": "https://api.github.com/users/tabatkins/gists{/gist_id}", 
        "gravatar_id": "", 
        "html_url": "https://github.com/tabatkins", 
        "id": 682840, 
        "login": "tabatkins", 
        "organizations_url": "https://api.github.com/users/tabatkins/orgs", 
        "received_events_url": "https://api.github.com/users/tabatkins/received_events", 
        "repos_url": "https://api.github.com/users/tabatkins/repos", 
        "site_admin": false, 
        "starred_url": "https://api.github.com/users/tabatkins/starred{/owner}{/repo}", 
        "subscriptions_url": "https://api.github.com/users/tabatkins/subscriptions", 
        "type": "User", 
        "url": "https://api.github.com/users/tabatkins"
      }
    ], 
    "body_html": "", 
    "closed_at": null, 
    "closed_by": null, 
    "comments": 4, 
    "comments_url": "https://api.github.com/repos/w3c/css-houdini-drafts/issues/159/comments", 
    "created_at": "2016-04-04T01:09:29Z", 
    "events_url": "https://api.github.com/repos/w3c/css-houdini-drafts/issues/159/events", 
    "html_url": "https://github.com/w3c/css-houdini-drafts/issues/159", 
    "id": 145560494, 
    "labels": [
      {
        "color": "c5def5", 
        "default": false, 
        "id": 260299341, 
        "name": "css-typed-om-1", 
        "url": "https://api.github.com/repos/w3c/css-houdini-drafts/labels/css-typed-om-1"
      }
    ], 
    "labels_url": "https://api.github.com/repos/w3c/css-houdini-drafts/issues/159/labels{/name}", 
    "locked": false, 
    "milestone": null, 
    "number": 159, 
    "repository_url": "https://api.github.com/repos/w3c/css-houdini-drafts", 
    "state": "open", 
    "title": "[css-typed-om] Spec up ColorValue", 
    "updated_at": "2016-12-13T20:05:29Z", 
    "url": "https://api.github.com/repos/w3c/css-houdini-drafts/issues/159", 
    "user": {
      "avatar_url": "https://avatars1.githubusercontent.com/u/329053?v=3", 
      "events_url": "https://api.github.com/users/shans/events{/privacy}", 
      "followers_url": "https://api.github.com/users/shans/followers", 
      "following_url": "https://api.github.com/users/shans/following{/other_user}", 
      "gists_url": "https://api.github.com/users/shans/gists{/gist_id}", 
      "gravatar_id": "", 
      "html_url": "https://github.com/shans", 
      "id": 329053, 
      "login": "shans", 
      "organizations_url": "https://api.github.com/users/shans/orgs", 
      "received_events_url": "https://api.github.com/users/shans/received_events", 
      "repos_url": "https://api.github.com/users/shans/repos", 
      "site_admin": false, 
      "starred_url": "https://api.github.com/users/shans/starred{/owner}{/repo}", 
      "subscriptions_url": "https://api.github.com/users/shans/subscriptions", 
      "type": "User", 
      "url": "https://api.github.com/users/shans"
    }
  }, 
  "w3c/css-houdini-drafts/186": {
    "ETag": "W/\"d252d5fa64d7dbb43c7be6c51224fd01\"", 
    "assignee": null, 
    "assignees": [], 
    "body_html": "<p>Not sure which spec this needs to be in.</p>", 
    "closed_at": null, 
    "closed_by": null, 
    "comments": 0, 
    "comments_url": "https://api.github.com/repos/w3c/css-houdini-drafts/issues/186/comments", 
    "created_at": "2016-05-07T23:44:46Z", 
    "events_url": "https://api.github.com/repos/w3c/css-houdini-drafts/issues/186/events", 
    "html_url": "https://github.com/w3c/css-houdini-drafts/issues/186", 
    "id": 153624828, 
    "labels": [
      {
        "color": "c5def5", 
        "default": false, 
        "id": 251471286, 
        "name": "css-paint-api-1", 
        "url": "https://api.github.com/repos/w3c/css-houdini-drafts/labels/css-paint-api-1"
      }, 
      {
        "color": "c5def5", 
        "default": false, 
        "id": 260299341, 
        "name": "css-typed-om-1", 
        "url": "https://api.github.com/repos/w3c/css-houdini-drafts/labels/css-typed-om-1"
      }
    ], 
    "labels_url": "https://api.github.com/repos/w3c/css-houdini-drafts/issues/186/labels{/name}", 
    "locked": false, 
    "milestone": null, 
    "number": 186, 
    "repository_url": "https://api.github.com/repos/w3c/css-houdini-drafts", 
    "state": "open", 
    "title": "[css-worklets] [css-typed-om] CSSResourceValues constructed within Worklets should have state \"unloaded\".", 
    "updated_at": "2017-04-07T19:29:47Z", 
    "url": "https://api.github.com/repos/w3c/css-houdini-drafts/issues/186", 
    "user": {
      "avatar_url": "https://avatars1.githubusercontent.com/u/329053?v=3", 
      "events_url": "https://api.github.com/users/shans/events{/privacy}", 
      "followers_url": "https://api.github.com/users/shans/followers", 
      "following_url": "https://api.github.com/users/shans/following{/other_user}", 
      "gists_url": "https://api.github.com/users/shans/gists{/gist_id}", 
      "gravatar_id": "", 
      "html_url": "https://github.com/shans", 
      "id": 329053, 
      "login": "shans", 
      "organizations_url": "https://api.github.com/users/shans/orgs", 
      "received_events_url": "https://api.github.com/users/shans/received_events", 
      "repos_url": "https://api.github.com/users/shans/repos", 
      "site_admin": false, 
      "starred_url": "https://api.github.com/users/shans/starred{/owner}{/repo}", 
      "subscriptions_url": "https://api.github.com/users/shans/subscriptions", 
      "type": "User", 
      "url": "https://api.github.com/users/shans"
    }
  }, 
  "w3c/css-houdini-drafts/239": {
    "ETag": "W/\"6d2b9ba8306a597cd8e461fc7c1bf8cb\"", 
    "assignee": {
      "avatar_url": "https://avatars3.githubusercontent.com/u/682840?v=3", 
      "events_url": "https://api.github.com/users/tabatkins/events{/privacy}", 
      "followers_url": "https://api.github.com/users/tabatkins/followers", 
      "following_url": "https://api.github.com/users/tabatkins/following{/other_user}", 
      "gists_url": "https://api.github.com/users/tabatkins/gists{/gist_id}", 
      "gravatar_id": "", 
      "html_url": "https://github.com/tabatkins", 
      "id": 682840, 
      "login": "tabatkins", 
      "organizations_url": "https://api.github.com/users/tabatkins/orgs", 
      "received_events_url": "https://api.github.com/users/tabatkins/received_events", 
      "repos_url": "https://api.github.com/users/tabatkins/repos", 
      "site_admin": false, 
      "starred_url": "https://api.github.com/users/tabatkins/starred{/owner}{/repo}", 
      "subscriptions_url": "https://api.github.com/users/tabatkins/subscriptions", 
      "type": "User", 
      "url": "https://api.github.com/users/tabatkins"
    }, 
    "assignees": [
      {
        "avatar_url": "https://avatars3.githubusercontent.com/u/682840?v=3", 
        "events_url": "https://api.github.com/users/tabatkins/events{/privacy}", 
        "followers_url": "https://api.github.com/users/tabatkins/followers", 
        "following_url": "https://api.github.com/users/tabatkins/following{/other_user}", 
        "gists_url": "https://api.github.com/users/tabatkins/gists{/gist_id}", 
        "gravatar_id": "", 
        "html_url": "https://github.com/tabatkins", 
        "id": 682840, 
        "login": "tabatkins", 
        "organizations_url": "https://api.github.com/users/tabatkins/orgs", 
        "received_events_url": "https://api.github.com/users/tabatkins/received_events", 
        "repos_url": "https://api.github.com/users/tabatkins/repos", 
        "site_admin": false, 
        "starred_url": "https://api.github.com/users/tabatkins/starred{/owner}{/repo}", 
        "subscriptions_url": "https://api.github.com/users/tabatkins/subscriptions", 
        "type": "User", 
        "url": "https://api.github.com/users/tabatkins"
      }
    ], 
    "body_html": "<p>Single-type iterables are reserved to certain legacy APIs with an indexed getter. I don't think we want that here.</p>\n<p><a href=\"https://github.com/bzbarsky\" class=\"user-mention\">@bzbarsky</a></p>", 
    "closed_at": null, 
    "closed_by": null, 
    "comments": 34, 
    "comments_url": "https://api.github.com/repos/w3c/css-houdini-drafts/issues/239/comments", 
    "created_at": "2016-06-22T17:28:10Z", 
    "events_url": "https://api.github.com/repos/w3c/css-houdini-drafts/issues/239/events", 
    "html_url": "https://github.com/w3c/css-houdini-drafts/issues/239", 
    "id": 161740680, 
    "labels": [
      {
        "color": "c5def5", 
        "default": false, 
        "id": 260299341, 
        "name": "css-typed-om-1", 
        "url": "https://api.github.com/repos/w3c/css-houdini-drafts/labels/css-typed-om-1"
      }
    ], 
    "labels_url": "https://api.github.com/repos/w3c/css-houdini-drafts/issues/239/labels{/name}", 
    "locked": false, 
    "milestone": null, 
    "number": 239, 
    "repository_url": "https://api.github.com/repos/w3c/css-houdini-drafts", 
    "state": "open", 
    "title": "[css-typed-om]: There's no nice way to represent CSSUnparsedValue as a \"list-plus\" style object.", 
    "updated_at": "2017-04-05T19:58:55Z", 
    "url": "https://api.github.com/repos/w3c/css-houdini-drafts/issues/239", 
    "user": {
      "avatar_url": "https://avatars3.githubusercontent.com/u/1544111?v=3", 
      "events_url": "https://api.github.com/users/annevk/events{/privacy}", 
      "followers_url": "https://api.github.com/users/annevk/followers", 
      "following_url": "https://api.github.com/users/annevk/following{/other_user}", 
      "gists_url": "https://api.github.com/users/annevk/gists{/gist_id}", 
      "gravatar_id": "", 
      "html_url": "https://github.com/annevk", 
      "id": 1544111, 
      "login": "annevk", 
      "organizations_url": "https://api.github.com/users/annevk/orgs", 
      "received_events_url": "https://api.github.com/users/annevk/received_events", 
      "repos_url": "https://api.github.com/users/annevk/repos", 
      "site_admin": false, 
      "starred_url": "https://api.github.com/users/annevk/starred{/owner}{/repo}", 
      "subscriptions_url": "https://api.github.com/users/annevk/subscriptions", 
      "type": "User", 
      "url": "https://api.github.com/users/annevk"
    }
  }, 
  "w3c/css-houdini-drafts/268": {
    "ETag": "W/\"d3c16b0aff126091a8f94573562bd96a\"", 
    "assignee": {
      "avatar_url": "https://avatars3.githubusercontent.com/u/682840?v=3", 
      "events_url": "https://api.github.com/users/tabatkins/events{/privacy}", 
      "followers_url": "https://api.github.com/users/tabatkins/followers", 
      "following_url": "https://api.github.com/users/tabatkins/following{/other_user}", 
      "gists_url": "https://api.github.com/users/tabatkins/gists{/gist_id}", 
      "gravatar_id": "", 
      "html_url": "https://github.com/tabatkins", 
      "id": 682840, 
      "login": "tabatkins", 
      "organizations_url": "https://api.github.com/users/tabatkins/orgs", 
      "received_events_url": "https://api.github.com/users/tabatkins/received_events", 
      "repos_url": "https://api.github.com/users/tabatkins/repos", 
      "site_admin": false, 
      "starred_url": "https://api.github.com/users/tabatkins/starred{/owner}{/repo}", 
      "subscriptions_url": "https://api.github.com/users/tabatkins/subscriptions", 
      "type": "User", 
      "url": "https://api.github.com/users/tabatkins"
    }, 
    "assignees": [
      {
        "avatar_url": "https://avatars1.githubusercontent.com/u/329053?v=3", 
        "events_url": "https://api.github.com/users/shans/events{/privacy}", 
        "followers_url": "https://api.github.com/users/shans/followers", 
        "following_url": "https://api.github.com/users/shans/following{/other_user}", 
        "gists_url": "https://api.github.com/users/shans/gists{/gist_id}", 
        "gravatar_id": "", 
        "html_url": "https://github.com/shans", 
        "id": 329053, 
        "login": "shans", 
        "organizations_url": "https://api.github.com/users/shans/orgs", 
        "received_events_url": "https://api.github.com/users/shans/received_events", 
        "repos_url": "https://api.github.com/users/shans/repos", 
        "site_admin": false, 
        "starred_url": "https://api.github.com/users/shans/starred{/owner}{/repo}", 
        "subscriptions_url": "https://api.github.com/users/shans/subscriptions", 
        "type": "User", 
        "url": "https://api.github.com/users/shans"
      }, 
      {
        "avatar_url": "https://avatars3.githubusercontent.com/u/682840?v=3", 
        "events_url": "https://api.github.com/users/tabatkins/events{/privacy}", 
        "followers_url": "https://api.github.com/users/tabatkins/followers", 
        "following_url": "https://api.github.com/users/tabatkins/following{/other_user}", 
        "gists_url": "https://api.github.com/users/tabatkins/gists{/gist_id}", 
        "gravatar_id": "", 
        "html_url": "https://github.com/tabatkins", 
        "id": 682840, 
        "login": "tabatkins", 
        "organizations_url": "https://api.github.com/users/tabatkins/orgs", 
        "received_events_url": "https://api.github.com/users/tabatkins/received_events", 
        "repos_url": "https://api.github.com/users/tabatkins/repos", 
        "site_admin": false, 
        "starred_url": "https://api.github.com/users/tabatkins/starred{/owner}{/repo}", 
        "subscriptions_url": "https://api.github.com/users/tabatkins/subscriptions", 
        "type": "User", 
        "url": "https://api.github.com/users/tabatkins"
      }
    ], 
    "body_html": "<p>What is the StylePropertyMapReadOnly supposed to stringify to? It's not clear from the spec.</p>", 
    "closed_at": null, 
    "closed_by": null, 
    "comments": 3, 
    "comments_url": "https://api.github.com/repos/w3c/css-houdini-drafts/issues/268/comments", 
    "created_at": "2016-07-26T21:15:22Z", 
    "events_url": "https://api.github.com/repos/w3c/css-houdini-drafts/issues/268/events", 
    "html_url": "https://github.com/w3c/css-houdini-drafts/issues/268", 
    "id": 167713781, 
    "labels": [
      {
        "color": "c5def5", 
        "default": false, 
        "id": 260299341, 
        "name": "css-typed-om-1", 
        "url": "https://api.github.com/repos/w3c/css-houdini-drafts/labels/css-typed-om-1"
      }
    ], 
    "labels_url": "https://api.github.com/repos/w3c/css-houdini-drafts/issues/268/labels{/name}", 
    "locked": false, 
    "milestone": null, 
    "number": 268, 
    "repository_url": "https://api.github.com/repos/w3c/css-houdini-drafts", 
    "state": "open", 
    "title": "[css-typed-om] Stringification behavior", 
    "updated_at": "2017-04-03T04:57:18Z", 
    "url": "https://api.github.com/repos/w3c/css-houdini-drafts/issues/268", 
    "user": {
      "avatar_url": "https://avatars3.githubusercontent.com/u/360412?v=3", 
      "events_url": "https://api.github.com/users/jyc/events{/privacy}", 
      "followers_url": "https://api.github.com/users/jyc/followers", 
      "following_url": "https://api.github.com/users/jyc/following{/other_user}", 
      "gists_url": "https://api.github.com/users/jyc/gists{/gist_id}", 
      "gravatar_id": "", 
      "html_url": "https://github.com/jyc", 
      "id": 360412, 
      "login": "jyc", 
      "organizations_url": "https://api.github.com/users/jyc/orgs", 
      "received_events_url": "https://api.github.com/users/jyc/received_events", 
      "repos_url": "https://api.github.com/users/jyc/repos", 
      "site_admin": false, 
      "starred_url": "https://api.github.com/users/jyc/starred{/owner}{/repo}", 
      "subscriptions_url": "https://api.github.com/users/jyc/subscriptions", 
      "type": "User", 
      "url": "https://api.github.com/users/jyc"
    }
  }, 
  "w3c/css-houdini-drafts/276": {
    "ETag": "W/\"d174533f35f93fd94618c94f4bc2e9b5\"", 
    "assignee": {
      "avatar_url": "https://avatars1.githubusercontent.com/u/329053?v=3", 
      "events_url": "https://api.github.com/users/shans/events{/privacy}", 
      "followers_url": "https://api.github.com/users/shans/followers", 
      "following_url": "https://api.github.com/users/shans/following{/other_user}", 
      "gists_url": "https://api.github.com/users/shans/gists{/gist_id}", 
      "gravatar_id": "", 
      "html_url": "https://github.com/shans", 
      "id": 329053, 
      "login": "shans", 
      "organizations_url": "https://api.github.com/users/shans/orgs", 
      "received_events_url": "https://api.github.com/users/shans/received_events", 
      "repos_url": "https://api.github.com/users/shans/repos", 
      "site_admin": false, 
      "starred_url": "https://api.github.com/users/shans/starred{/owner}{/repo}", 
      "subscriptions_url": "https://api.github.com/users/shans/subscriptions", 
      "type": "User", 
      "url": "https://api.github.com/users/shans"
    }, 
    "assignees": [
      {
        "avatar_url": "https://avatars1.githubusercontent.com/u/329053?v=3", 
        "events_url": "https://api.github.com/users/shans/events{/privacy}", 
        "followers_url": "https://api.github.com/users/shans/followers", 
        "following_url": "https://api.github.com/users/shans/following{/other_user}", 
        "gists_url": "https://api.github.com/users/shans/gists{/gist_id}", 
        "gravatar_id": "", 
        "html_url": "https://github.com/shans", 
        "id": 329053, 
        "login": "shans", 
        "organizations_url": "https://api.github.com/users/shans/orgs", 
        "received_events_url": "https://api.github.com/users/shans/received_events", 
        "repos_url": "https://api.github.com/users/shans/repos", 
        "site_admin": false, 
        "starred_url": "https://api.github.com/users/shans/starred{/owner}{/repo}", 
        "subscriptions_url": "https://api.github.com/users/shans/subscriptions", 
        "type": "User", 
        "url": "https://api.github.com/users/shans"
      }
    ], 
    "body_html": "<p>Especially when using <code>getProperties()</code> and when using the iterators, and whether you should be able to set/get custom properties.</p>", 
    "closed_at": null, 
    "closed_by": null, 
    "comments": 3, 
    "comments_url": "https://api.github.com/repos/w3c/css-houdini-drafts/issues/276/comments", 
    "created_at": "2016-08-10T04:22:00Z", 
    "events_url": "https://api.github.com/repos/w3c/css-houdini-drafts/issues/276/events", 
    "html_url": "https://github.com/w3c/css-houdini-drafts/issues/276", 
    "id": 170324976, 
    "labels": [
      {
        "color": "c5def5", 
        "default": false, 
        "id": 260299341, 
        "name": "css-typed-om-1", 
        "url": "https://api.github.com/repos/w3c/css-houdini-drafts/labels/css-typed-om-1"
      }
    ], 
    "labels_url": "https://api.github.com/repos/w3c/css-houdini-drafts/issues/276/labels{/name}", 
    "locked": false, 
    "milestone": null, 
    "number": 276, 
    "repository_url": "https://api.github.com/repos/w3c/css-houdini-drafts", 
    "state": "open", 
    "title": "[css-typed-om] Describe how the StylePropertyMaps should interact with custom properties", 
    "updated_at": "2017-04-03T19:51:35Z", 
    "url": "https://api.github.com/repos/w3c/css-houdini-drafts/issues/276", 
    "user": {
      "avatar_url": "https://avatars0.githubusercontent.com/u/1373458?v=3", 
      "events_url": "https://api.github.com/users/wilddamon/events{/privacy}", 
      "followers_url": "https://api.github.com/users/wilddamon/followers", 
      "following_url": "https://api.github.com/users/wilddamon/following{/other_user}", 
      "gists_url": "https://api.github.com/users/wilddamon/gists{/gist_id}", 
      "gravatar_id": "", 
      "html_url": "https://github.com/wilddamon", 
      "id": 1373458, 
      "login": "wilddamon", 
      "organizations_url": "https://api.github.com/users/wilddamon/orgs", 
      "received_events_url": "https://api.github.com/users/wilddamon/received_events", 
      "repos_url": "https://api.github.com/users/wilddamon/repos", 
      "site_admin": false, 
      "starred_url": "https://api.github.com/users/wilddamon/starred{/owner}{/repo}", 
      "subscriptions_url": "https://api.github.com/users/wilddamon/subscriptions", 
      "type": "User", 
      "url": "https://api.github.com/users/wilddamon"
    }
  }, 
  "w3c/css-houdini-drafts/293": {
    "ETag": "W/\"6607cf33a1c14719a54900a78180db00\"", 
    "assignee": null, 
    "assignees": [], 
    "body_html": "<p>In the case of CSSFontFaceValue objects, shouldn't the have a member that stores the source as well?</p>\n<p>For eg in the case:</p>\n<p><a href=\"https://github.com/font-face\" class=\"user-mention\">@font-face</a> {<br>\nfont-family: \"XYZ\";<br>\nsrc: url(\"<a href=\"https://mdn.mozillademos.org/files/2468/VeraSeBd.ttf\">https://mdn.mozillademos.org/files/2468/VeraSeBd.ttf</a>\");<br>\n}</p>\n<p>I am assuming the specified member fontFaceName stores the string \"XYZ\" and we will need to store the source in another member.Potentially in a CSSFontFaceSrcValue which inherits from CSSFontFaceValue? This can deal with the case where it is specified as a url or as a local value</p>", 
    "closed_at": null, 
    "closed_by": null, 
    "comments": 5, 
    "comments_url": "https://api.github.com/repos/w3c/css-houdini-drafts/issues/293/comments", 
    "created_at": "2016-09-12T06:05:07Z", 
    "events_url": "https://api.github.com/repos/w3c/css-houdini-drafts/issues/293/events", 
    "html_url": "https://github.com/w3c/css-houdini-drafts/issues/293", 
    "id": 176300532, 
    "labels": [
      {
        "color": "c5def5", 
        "default": false, 
        "id": 260299341, 
        "name": "css-typed-om-1", 
        "url": "https://api.github.com/repos/w3c/css-houdini-drafts/labels/css-typed-om-1"
      }
    ], 
    "labels_url": "https://api.github.com/repos/w3c/css-houdini-drafts/issues/293/labels{/name}", 
    "locked": false, 
    "milestone": null, 
    "number": 293, 
    "repository_url": "https://api.github.com/repos/w3c/css-houdini-drafts", 
    "state": "open", 
    "title": "[CSS Typed OM] CSSFontFaceValue objects can't store source value", 
    "updated_at": "2017-04-12T19:53:27Z", 
    "url": "https://api.github.com/repos/w3c/css-houdini-drafts/issues/293", 
    "user": {
      "avatar_url": "https://avatars1.githubusercontent.com/u/7919520?v=3", 
      "events_url": "https://api.github.com/users/nainar/events{/privacy}", 
      "followers_url": "https://api.github.com/users/nainar/followers", 
      "following_url": "https://api.github.com/users/nainar/following{/other_user}", 
      "gists_url": "https://api.github.com/users/nainar/gists{/gist_id}", 
      "gravatar_id": "", 
      "html_url": "https://github.com/nainar", 
      "id": 7919520, 
      "login": "nainar", 
      "organizations_url": "https://api.github.com/users/nainar/orgs", 
      "received_events_url": "https://api.github.com/users/nainar/received_events", 
      "repos_url": "https://api.github.com/users/nainar/repos", 
      "site_admin": false, 
      "starred_url": "https://api.github.com/users/nainar/starred{/owner}{/repo}", 
      "subscriptions_url": "https://api.github.com/users/nainar/subscriptions", 
      "type": "User", 
      "url": "https://api.github.com/users/nainar"
    }
  }, 
  "w3c/css-houdini-drafts/305": {
    "ETag": "W/\"9b0dfa7c690ae5dacfe45618bd5c3cbe\"", 
    "assignee": null, 
    "assignees": [], 
    "body_html": "<p>The old (very incomplete) definition of CSSStyleValue.parse() said that things returned null if they didn't parse. I've rewritten it in a proper algorithmic style, and identified three possible error locations. Which should throw, and which should return null? (Currently, the spec throws for all of them.)</p>\n<ol>\n<li>Property name isn't an ident.</li>\n<li>Property name is an ident, but not recognized as a CSS property.</li>\n<li>Valid property name, but property value doesn't match the grammar of that property.</li>\n</ol>", 
    "closed_at": null, 
    "closed_by": null, 
    "comments": 8, 
    "comments_url": "https://api.github.com/repos/w3c/css-houdini-drafts/issues/305/comments", 
    "created_at": "2016-09-14T02:11:37Z", 
    "events_url": "https://api.github.com/repos/w3c/css-houdini-drafts/issues/305/events", 
    "html_url": "https://github.com/w3c/css-houdini-drafts/issues/305", 
    "id": 176797007, 
    "labels": [
      {
        "color": "c5def5", 
        "default": false, 
        "id": 260299341, 
        "name": "css-typed-om-1", 
        "url": "https://api.github.com/repos/w3c/css-houdini-drafts/labels/css-typed-om-1"
      }
    ], 
    "labels_url": "https://api.github.com/repos/w3c/css-houdini-drafts/issues/305/labels{/name}", 
    "locked": false, 
    "milestone": null, 
    "number": 305, 
    "repository_url": "https://api.github.com/repos/w3c/css-houdini-drafts", 
    "state": "open", 
    "title": "When doing CSSStyleValue.parse(), what should throw vs return null?", 
    "updated_at": "2017-04-03T19:39:44Z", 
    "url": "https://api.github.com/repos/w3c/css-houdini-drafts/issues/305", 
    "user": {
      "avatar_url": "https://avatars3.githubusercontent.com/u/682840?v=3", 
      "events_url": "https://api.github.com/users/tabatkins/events{/privacy}", 
      "followers_url": "https://api.github.com/users/tabatkins/followers", 
      "following_url": "https://api.github.com/users/tabatkins/following{/other_user}", 
      "gists_url": "https://api.github.com/users/tabatkins/gists{/gist_id}", 
      "gravatar_id": "", 
      "html_url": "https://github.com/tabatkins", 
      "id": 682840, 
      "login": "tabatkins", 
      "organizations_url": "https://api.github.com/users/tabatkins/orgs", 
      "received_events_url": "https://api.github.com/users/tabatkins/received_events", 
      "repos_url": "https://api.github.com/users/tabatkins/repos", 
      "site_admin": false, 
      "starred_url": "https://api.github.com/users/tabatkins/starred{/owner}{/repo}", 
      "subscriptions_url": "https://api.github.com/users/tabatkins/subscriptions", 
      "type": "User", 
      "url": "https://api.github.com/users/tabatkins"
    }
  }, 
  "w3c/css-houdini-drafts/309": {
    "ETag": "W/\"b515efc8ea0f9a409822599e8c12fcd3\"", 
    "assignee": null, 
    "assignees": [], 
    "body_html": "<p>Some folks want us to make the platform more case sensitive. Since this is a new API, that means we would make it case sensitive. ex.</p>\n<div class=\"highlight highlight-source-js\"><pre><span class=\"pl-smi\">element</span>.<span class=\"pl-smi\">styleMap</span>.<span class=\"pl-c1\">get</span>(<span class=\"pl-s\"><span class=\"pl-pds\">\"</span>background-color<span class=\"pl-pds\">\"</span></span>) <span class=\"pl-c\"><span class=\"pl-c\">//</span> works.</span>\n<span class=\"pl-smi\">element</span>.<span class=\"pl-smi\">styleMap</span>.<span class=\"pl-c1\">get</span>(<span class=\"pl-s\"><span class=\"pl-pds\">\"</span>Background-Color<span class=\"pl-pds\">\"</span></span>) <span class=\"pl-c\"><span class=\"pl-c\">//</span> doesn't work.</span></pre></div>\n<p>Unfortunately this also diverges from <code>.style</code>, ex.</p>\n<div class=\"highlight highlight-source-js\"><pre><span class=\"pl-smi\">element</span>.<span class=\"pl-c1\">style</span>.<span class=\"pl-en\">getPropertyValue</span>(<span class=\"pl-s\"><span class=\"pl-pds\">\"</span>Color<span class=\"pl-pds\">\"</span></span>) <span class=\"pl-c\"><span class=\"pl-c\">//</span> works.</span>\n<span class=\"pl-smi\">element</span>.<span class=\"pl-c1\">style</span>.<span class=\"pl-en\">getPropertyValue</span>(<span class=\"pl-s\"><span class=\"pl-pds\">\"</span>COLOR<span class=\"pl-pds\">\"</span></span>) <span class=\"pl-c\"><span class=\"pl-c\">//</span> works.</span></pre></div>\n<p><a href=\"https://github.com/annevk\" class=\"user-mention\">@annevk</a> <a href=\"https://github.com/domenic\" class=\"user-mention\">@domenic</a> <a href=\"https://github.com/foolip\" class=\"user-mention\">@foolip</a> <a href=\"https://github.com/tabatkins\" class=\"user-mention\">@tabatkins</a></p>", 
    "closed_at": null, 
    "closed_by": null, 
    "comments": 6, 
    "comments_url": "https://api.github.com/repos/w3c/css-houdini-drafts/issues/309/comments", 
    "created_at": "2016-09-22T10:28:23Z", 
    "events_url": "https://api.github.com/repos/w3c/css-houdini-drafts/issues/309/events", 
    "html_url": "https://github.com/w3c/css-houdini-drafts/issues/309", 
    "id": 178573331, 
    "labels": [
      {
        "color": "c5def5", 
        "default": false, 
        "id": 260299341, 
        "name": "css-typed-om-1", 
        "url": "https://api.github.com/repos/w3c/css-houdini-drafts/labels/css-typed-om-1"
      }
    ], 
    "labels_url": "https://api.github.com/repos/w3c/css-houdini-drafts/issues/309/labels{/name}", 
    "locked": false, 
    "milestone": null, 
    "number": 309, 
    "repository_url": "https://api.github.com/repos/w3c/css-houdini-drafts", 
    "state": "open", 
    "title": "[css-typed-om] Should StyleMap be case sensitive?", 
    "updated_at": "2016-09-26T03:10:17Z", 
    "url": "https://api.github.com/repos/w3c/css-houdini-drafts/issues/309", 
    "user": {
      "avatar_url": "https://avatars2.githubusercontent.com/u/415779?v=3", 
      "events_url": "https://api.github.com/users/esprehn/events{/privacy}", 
      "followers_url": "https://api.github.com/users/esprehn/followers", 
      "following_url": "https://api.github.com/users/esprehn/following{/other_user}", 
      "gists_url": "https://api.github.com/users/esprehn/gists{/gist_id}", 
      "gravatar_id": "", 
      "html_url": "https://github.com/esprehn", 
      "id": 415779, 
      "login": "esprehn", 
      "organizations_url": "https://api.github.com/users/esprehn/orgs", 
      "received_events_url": "https://api.github.com/users/esprehn/received_events", 
      "repos_url": "https://api.github.com/users/esprehn/repos", 
      "site_admin": false, 
      "starred_url": "https://api.github.com/users/esprehn/starred{/owner}{/repo}", 
      "subscriptions_url": "https://api.github.com/users/esprehn/subscriptions", 
      "type": "User", 
      "url": "https://api.github.com/users/esprehn"
    }
  }, 
  "w3c/css-houdini-drafts/310": {
    "ETag": "W/\"ea21273ebe70b3f7969b6108d6e8ba5a\"", 
    "assignee": null, 
    "assignees": [], 
    "body_html": "<p>Real properties are faster since we can cache the property lookup, ex.</p>\n<div class=\"highlight highlight-source-js\"><pre><span class=\"pl-smi\">element</span>.<span class=\"pl-smi\">styleMap</span>.<span class=\"pl-c1\">color</span> <span class=\"pl-c\"><span class=\"pl-c\">//</span> =&gt; JS VM can cache the lookup for color</span></pre></div>\n<p>It also lets the getter/setter cache the \"color\" =&gt; engine representation conversion where most (all?) engines convert to an enum as there's a specific method for every property.</p>\n<p>Note we'd still need .get(name) and .set(name) to deal with custom properties, since we don't want to add more named getters, ex. <code>map.get(\"--foo\").</code> vs <code>map[\"--foo\"]</code>.</p>\n<p>The disadvantage of this approach is that it means StyleMap has 400+ properties like CSSStyleDeclaration does, and every new CSS property is implicitly adding new properties. It also means if maps get a new method called \"filter\", and we wanted StyleMap to be really maplike, we'd end up colliding with CSS's filter property.</p>\n<p><a href=\"https://github.com/bzbarsky\" class=\"user-mention\">@bzbarsky</a></p>", 
    "closed_at": null, 
    "closed_by": null, 
    "comments": 2, 
    "comments_url": "https://api.github.com/repos/w3c/css-houdini-drafts/issues/310/comments", 
    "created_at": "2016-09-22T10:58:26Z", 
    "events_url": "https://api.github.com/repos/w3c/css-houdini-drafts/issues/310/events", 
    "html_url": "https://github.com/w3c/css-houdini-drafts/issues/310", 
    "id": 178578609, 
    "labels": [
      {
        "color": "c5def5", 
        "default": false, 
        "id": 260299341, 
        "name": "css-typed-om-1", 
        "url": "https://api.github.com/repos/w3c/css-houdini-drafts/labels/css-typed-om-1"
      }
    ], 
    "labels_url": "https://api.github.com/repos/w3c/css-houdini-drafts/issues/310/labels{/name}", 
    "locked": false, 
    "milestone": null, 
    "number": 310, 
    "repository_url": "https://api.github.com/repos/w3c/css-houdini-drafts", 
    "state": "open", 
    "title": "[css-typed-om]  Consider using properties in addition to .get/.set", 
    "updated_at": "2017-04-03T05:31:06Z", 
    "url": "https://api.github.com/repos/w3c/css-houdini-drafts/issues/310", 
    "user": {
      "avatar_url": "https://avatars2.githubusercontent.com/u/415779?v=3", 
      "events_url": "https://api.github.com/users/esprehn/events{/privacy}", 
      "followers_url": "https://api.github.com/users/esprehn/followers", 
      "following_url": "https://api.github.com/users/esprehn/following{/other_user}", 
      "gists_url": "https://api.github.com/users/esprehn/gists{/gist_id}", 
      "gravatar_id": "", 
      "html_url": "https://github.com/esprehn", 
      "id": 415779, 
      "login": "esprehn", 
      "organizations_url": "https://api.github.com/users/esprehn/orgs", 
      "received_events_url": "https://api.github.com/users/esprehn/received_events", 
      "repos_url": "https://api.github.com/users/esprehn/repos", 
      "site_admin": false, 
      "starred_url": "https://api.github.com/users/esprehn/starred{/owner}{/repo}", 
      "subscriptions_url": "https://api.github.com/users/esprehn/subscriptions", 
      "type": "User", 
      "url": "https://api.github.com/users/esprehn"
    }
  }, 
  "w3c/css-houdini-drafts/312": {
    "ETag": "W/\"71bc84599bca0ab42d04d4dbfca1e68b\"", 
    "assignee": {
      "avatar_url": "https://avatars3.githubusercontent.com/u/682840?v=3", 
      "events_url": "https://api.github.com/users/tabatkins/events{/privacy}", 
      "followers_url": "https://api.github.com/users/tabatkins/followers", 
      "following_url": "https://api.github.com/users/tabatkins/following{/other_user}", 
      "gists_url": "https://api.github.com/users/tabatkins/gists{/gist_id}", 
      "gravatar_id": "", 
      "html_url": "https://github.com/tabatkins", 
      "id": 682840, 
      "login": "tabatkins", 
      "organizations_url": "https://api.github.com/users/tabatkins/orgs", 
      "received_events_url": "https://api.github.com/users/tabatkins/received_events", 
      "repos_url": "https://api.github.com/users/tabatkins/repos", 
      "site_admin": false, 
      "starred_url": "https://api.github.com/users/tabatkins/starred{/owner}{/repo}", 
      "subscriptions_url": "https://api.github.com/users/tabatkins/subscriptions", 
      "type": "User", 
      "url": "https://api.github.com/users/tabatkins"
    }, 
    "assignees": [
      {
        "avatar_url": "https://avatars3.githubusercontent.com/u/682840?v=3", 
        "events_url": "https://api.github.com/users/tabatkins/events{/privacy}", 
        "followers_url": "https://api.github.com/users/tabatkins/followers", 
        "following_url": "https://api.github.com/users/tabatkins/following{/other_user}", 
        "gists_url": "https://api.github.com/users/tabatkins/gists{/gist_id}", 
        "gravatar_id": "", 
        "html_url": "https://github.com/tabatkins", 
        "id": 682840, 
        "login": "tabatkins", 
        "organizations_url": "https://api.github.com/users/tabatkins/orgs", 
        "received_events_url": "https://api.github.com/users/tabatkins/received_events", 
        "repos_url": "https://api.github.com/users/tabatkins/repos", 
        "site_admin": false, 
        "starred_url": "https://api.github.com/users/tabatkins/starred{/owner}{/repo}", 
        "subscriptions_url": "https://api.github.com/users/tabatkins/subscriptions", 
        "type": "User", 
        "url": "https://api.github.com/users/tabatkins"
      }
    ], 
    "body_html": "<p>As just discussed in the face-to-face meeting at TPAC, css-typed-om probably shouldn't be using background-position in the way it is given that background-position is a shorthand in all implementations, and for level 1 it seems that all shorthands are CSSStyleValue.  (Although maybe background-position should be the unique shorthand in level 1!?)</p>", 
    "closed_at": null, 
    "closed_by": null, 
    "comments": 0, 
    "comments_url": "https://api.github.com/repos/w3c/css-houdini-drafts/issues/312/comments", 
    "created_at": "2016-09-22T15:19:21Z", 
    "events_url": "https://api.github.com/repos/w3c/css-houdini-drafts/issues/312/events", 
    "html_url": "https://github.com/w3c/css-houdini-drafts/issues/312", 
    "id": 178639588, 
    "labels": [
      {
        "color": "c5def5", 
        "default": false, 
        "id": 260299341, 
        "name": "css-typed-om-1", 
        "url": "https://api.github.com/repos/w3c/css-houdini-drafts/labels/css-typed-om-1"
      }
    ], 
    "labels_url": "https://api.github.com/repos/w3c/css-houdini-drafts/issues/312/labels{/name}", 
    "locked": false, 
    "milestone": null, 
    "number": 312, 
    "repository_url": "https://api.github.com/repos/w3c/css-houdini-drafts", 
    "state": "open", 
    "title": "[css-typed-om] background-position is a shorthand and probably shouldn't be treated as a longhand", 
    "updated_at": "2016-09-22T23:26:48Z", 
    "url": "https://api.github.com/repos/w3c/css-houdini-drafts/issues/312", 
    "user": {
      "avatar_url": "https://avatars1.githubusercontent.com/u/248721?v=3", 
      "events_url": "https://api.github.com/users/dbaron/events{/privacy}", 
      "followers_url": "https://api.github.com/users/dbaron/followers", 
      "following_url": "https://api.github.com/users/dbaron/following{/other_user}", 
      "gists_url": "https://api.github.com/users/dbaron/gists{/gist_id}", 
      "gravatar_id": "", 
      "html_url": "https://github.com/dbaron", 
      "id": 248721, 
      "login": "dbaron", 
      "organizations_url": "https://api.github.com/users/dbaron/orgs", 
      "received_events_url": "https://api.github.com/users/dbaron/received_events", 
      "repos_url": "https://api.github.com/users/dbaron/repos", 
      "site_admin": false, 
      "starred_url": "https://api.github.com/users/dbaron/starred{/owner}{/repo}", 
      "subscriptions_url": "https://api.github.com/users/dbaron/subscriptions", 
      "type": "User", 
      "url": "https://api.github.com/users/dbaron"
    }
  }, 
  "w3c/css-houdini-drafts/325": {
    "ETag": "W/\"d2cb3f3c5153ec907783e09abe0f2c82\"", 
    "assignee": null, 
    "assignees": [], 
    "body_html": "<p>Could be useful for some calculations</p>\n<p>e.g. someLengthValue.equals(otherLengthValue)</p>\n<div class=\"highlight highlight-source-js\"><pre><span class=\"pl-en\">CSSCalcLength</span>({px<span class=\"pl-k\">:</span> <span class=\"pl-c1\">5</span>}).<span class=\"pl-en\">equals</span>(<span class=\"pl-en\">CSSSimpleLength</span>(<span class=\"pl-c1\">5</span>, <span class=\"pl-s\"><span class=\"pl-pds\">'</span>px<span class=\"pl-pds\">'</span></span>)) <span class=\"pl-c\"><span class=\"pl-c\">//</span> returns true</span></pre></div>\n<p><a href=\"https://github.com/shans\" class=\"user-mention\">@shans</a></p>", 
    "closed_at": null, 
    "closed_by": null, 
    "comments": 6, 
    "comments_url": "https://api.github.com/repos/w3c/css-houdini-drafts/issues/325/comments", 
    "created_at": "2016-10-18T04:12:03Z", 
    "events_url": "https://api.github.com/repos/w3c/css-houdini-drafts/issues/325/events", 
    "html_url": "https://github.com/w3c/css-houdini-drafts/issues/325", 
    "id": 183586151, 
    "labels": [
      {
        "color": "c5def5", 
        "default": false, 
        "id": 260299341, 
        "name": "css-typed-om-1", 
        "url": "https://api.github.com/repos/w3c/css-houdini-drafts/labels/css-typed-om-1"
      }
    ], 
    "labels_url": "https://api.github.com/repos/w3c/css-houdini-drafts/issues/325/labels{/name}", 
    "locked": false, 
    "milestone": null, 
    "number": 325, 
    "repository_url": "https://api.github.com/repos/w3c/css-houdini-drafts", 
    "state": "open", 
    "title": "[css-typed-om] .equals methods for CSSStyleValue subclasses", 
    "updated_at": "2017-04-04T00:26:37Z", 
    "url": "https://api.github.com/repos/w3c/css-houdini-drafts/issues/325", 
    "user": {
      "avatar_url": "https://avatars0.githubusercontent.com/u/1373458?v=3", 
      "events_url": "https://api.github.com/users/wilddamon/events{/privacy}", 
      "followers_url": "https://api.github.com/users/wilddamon/followers", 
      "following_url": "https://api.github.com/users/wilddamon/following{/other_user}", 
      "gists_url": "https://api.github.com/users/wilddamon/gists{/gist_id}", 
      "gravatar_id": "", 
      "html_url": "https://github.com/wilddamon", 
      "id": 1373458, 
      "login": "wilddamon", 
      "organizations_url": "https://api.github.com/users/wilddamon/orgs", 
      "received_events_url": "https://api.github.com/users/wilddamon/received_events", 
      "repos_url": "https://api.github.com/users/wilddamon/repos", 
      "site_admin": false, 
      "starred_url": "https://api.github.com/users/wilddamon/starred{/owner}{/repo}", 
      "subscriptions_url": "https://api.github.com/users/wilddamon/subscriptions", 
      "type": "User", 
      "url": "https://api.github.com/users/wilddamon"
    }
  }, 
  "w3c/css-houdini-drafts/350": {
    "ETag": "W/\"d640a14b982cfcb41b30b09c97fe8afd\"", 
    "assignee": null, 
    "assignees": [], 
    "body_html": "<p>Per Seattle resolution (and TAG feedback), all the Houdini APIs should namespace themselves under the <code>CSS</code> object, rather than living on the global.</p>\n<p>(Constructors still get put on the global by default, and that should be fine. We should add convenient aliases to <code>CSS</code> as appropriate, like <code>CSS.px(x)</code> for <code>CSSSimpleLength(x, 'px')</code>.)</p>", 
    "closed_at": null, 
    "closed_by": null, 
    "comments": 4, 
    "comments_url": "https://api.github.com/repos/w3c/css-houdini-drafts/issues/350/comments", 
    "created_at": "2017-02-03T19:12:20Z", 
    "events_url": "https://api.github.com/repos/w3c/css-houdini-drafts/issues/350/events", 
    "html_url": "https://github.com/w3c/css-houdini-drafts/issues/350", 
    "id": 205243753, 
    "labels": [
      {
        "color": "c5def5", 
        "default": false, 
        "id": 319232475, 
        "name": "css-layout-api-1", 
        "url": "https://api.github.com/repos/w3c/css-houdini-drafts/labels/css-layout-api-1"
      }, 
      {
        "color": "c5def5", 
        "default": false, 
        "id": 319246190, 
        "name": "css-parser-api-1", 
        "url": "https://api.github.com/repos/w3c/css-houdini-drafts/labels/css-parser-api-1"
      }, 
      {
        "color": "c5def5", 
        "default": false, 
        "id": 224924326, 
        "name": "css-properties-values-api-1", 
        "url": "https://api.github.com/repos/w3c/css-houdini-drafts/labels/css-properties-values-api-1"
      }, 
      {
        "color": "c5def5", 
        "default": false, 
        "id": 260299341, 
        "name": "css-typed-om-1", 
        "url": "https://api.github.com/repos/w3c/css-houdini-drafts/labels/css-typed-om-1"
      }
    ], 
    "labels_url": "https://api.github.com/repos/w3c/css-houdini-drafts/issues/350/labels{/name}", 
    "locked": false, 
    "milestone": null, 
    "number": 350, 
    "repository_url": "https://api.github.com/repos/w3c/css-houdini-drafts", 
    "state": "open", 
    "title": "[all] Move Houdini APIs to `window.CSS`", 
    "updated_at": "2017-04-18T00:36:46Z", 
    "url": "https://api.github.com/repos/w3c/css-houdini-drafts/issues/350", 
    "user": {
      "avatar_url": "https://avatars3.githubusercontent.com/u/682840?v=3", 
      "events_url": "https://api.github.com/users/tabatkins/events{/privacy}", 
      "followers_url": "https://api.github.com/users/tabatkins/followers", 
      "following_url": "https://api.github.com/users/tabatkins/following{/other_user}", 
      "gists_url": "https://api.github.com/users/tabatkins/gists{/gist_id}", 
      "gravatar_id": "", 
      "html_url": "https://github.com/tabatkins", 
      "id": 682840, 
      "login": "tabatkins", 
      "organizations_url": "https://api.github.com/users/tabatkins/orgs", 
      "received_events_url": "https://api.github.com/users/tabatkins/received_events", 
      "repos_url": "https://api.github.com/users/tabatkins/repos", 
      "site_admin": false, 
      "starred_url": "https://api.github.com/users/tabatkins/starred{/owner}{/repo}", 
      "subscriptions_url": "https://api.github.com/users/tabatkins/subscriptions", 
      "type": "User", 
      "url": "https://api.github.com/users/tabatkins"
    }
  }, 
  "w3c/css-houdini-drafts/359": {
    "ETag": "W/\"420aa9f9fb42c88a91ecb4c846978cfd\"", 
    "assignee": {
      "avatar_url": "https://avatars3.githubusercontent.com/u/682840?v=3", 
      "events_url": "https://api.github.com/users/tabatkins/events{/privacy}", 
      "followers_url": "https://api.github.com/users/tabatkins/followers", 
      "following_url": "https://api.github.com/users/tabatkins/following{/other_user}", 
      "gists_url": "https://api.github.com/users/tabatkins/gists{/gist_id}", 
      "gravatar_id": "", 
      "html_url": "https://github.com/tabatkins", 
      "id": 682840, 
      "login": "tabatkins", 
      "organizations_url": "https://api.github.com/users/tabatkins/orgs", 
      "received_events_url": "https://api.github.com/users/tabatkins/received_events", 
      "repos_url": "https://api.github.com/users/tabatkins/repos", 
      "site_admin": false, 
      "starred_url": "https://api.github.com/users/tabatkins/starred{/owner}{/repo}", 
      "subscriptions_url": "https://api.github.com/users/tabatkins/subscriptions", 
      "type": "User", 
      "url": "https://api.github.com/users/tabatkins"
    }, 
    "assignees": [
      {
        "avatar_url": "https://avatars3.githubusercontent.com/u/682840?v=3", 
        "events_url": "https://api.github.com/users/tabatkins/events{/privacy}", 
        "followers_url": "https://api.github.com/users/tabatkins/followers", 
        "following_url": "https://api.github.com/users/tabatkins/following{/other_user}", 
        "gists_url": "https://api.github.com/users/tabatkins/gists{/gist_id}", 
        "gravatar_id": "", 
        "html_url": "https://github.com/tabatkins", 
        "id": 682840, 
        "login": "tabatkins", 
        "organizations_url": "https://api.github.com/users/tabatkins/orgs", 
        "received_events_url": "https://api.github.com/users/tabatkins/received_events", 
        "repos_url": "https://api.github.com/users/tabatkins/repos", 
        "site_admin": false, 
        "starred_url": "https://api.github.com/users/tabatkins/starred{/owner}{/repo}", 
        "subscriptions_url": "https://api.github.com/users/tabatkins/subscriptions", 
        "type": "User", 
        "url": "https://api.github.com/users/tabatkins"
      }
    ], 
    "body_html": "<p>I haven't added it to the spec yet, but the CSSWG resolved to add min()/max() to the V&amp;U spec at the Seattle 2017 f2f.  This'll need a new class to represent it properly.</p>", 
    "closed_at": null, 
    "closed_by": null, 
    "comments": 0, 
    "comments_url": "https://api.github.com/repos/w3c/css-houdini-drafts/issues/359/comments", 
    "created_at": "2017-02-10T20:59:48Z", 
    "events_url": "https://api.github.com/repos/w3c/css-houdini-drafts/issues/359/events", 
    "html_url": "https://github.com/w3c/css-houdini-drafts/issues/359", 
    "id": 206905218, 
    "labels": [
      {
        "color": "c5def5", 
        "default": false, 
        "id": 260299341, 
        "name": "css-typed-om-1", 
        "url": "https://api.github.com/repos/w3c/css-houdini-drafts/labels/css-typed-om-1"
      }
    ], 
    "labels_url": "https://api.github.com/repos/w3c/css-houdini-drafts/issues/359/labels{/name}", 
    "locked": false, 
    "milestone": null, 
    "number": 359, 
    "repository_url": "https://api.github.com/repos/w3c/css-houdini-drafts", 
    "state": "open", 
    "title": "[css-typed-om] Will need to handle min()/max()", 
    "updated_at": "2017-04-03T06:20:21Z", 
    "url": "https://api.github.com/repos/w3c/css-houdini-drafts/issues/359", 
    "user": {
      "avatar_url": "https://avatars3.githubusercontent.com/u/682840?v=3", 
      "events_url": "https://api.github.com/users/tabatkins/events{/privacy}", 
      "followers_url": "https://api.github.com/users/tabatkins/followers", 
      "following_url": "https://api.github.com/users/tabatkins/following{/other_user}", 
      "gists_url": "https://api.github.com/users/tabatkins/gists{/gist_id}", 
      "gravatar_id": "", 
      "html_url": "https://github.com/tabatkins", 
      "id": 682840, 
      "login": "tabatkins", 
      "organizations_url": "https://api.github.com/users/tabatkins/orgs", 
      "received_events_url": "https://api.github.com/users/tabatkins/received_events", 
      "repos_url": "https://api.github.com/users/tabatkins/repos", 
      "site_admin": false, 
      "starred_url": "https://api.github.com/users/tabatkins/starred{/owner}{/repo}", 
      "subscriptions_url": "https://api.github.com/users/tabatkins/subscriptions", 
      "type": "User", 
      "url": "https://api.github.com/users/tabatkins"
    }
  }, 
  "w3c/css-houdini-drafts/365": {
    "ETag": "W/\"5ff514d15703a8168c75a1c03ae34101\"", 
    "assignee": null, 
    "assignees": [], 
    "body_html": "<p>The CSSRotation.x/y/z and CSSScale.x/y/z attributes are typed as <code>double</code>, presumably because the arguments are typed as <code>&lt;number&gt;</code> in CSS. But we don't generally represent <code>&lt;number&gt;</code>s as doubles in the TypedOM; they're CSSUnitValues with <code>{unit: \"number\"}</code>.</p>\n<p>Is there a particular reason we're using doubles here, or should we switch to CSSNumericValue?  Or maybe <code>(double or CSSNumericValue)</code>, in both the constructors and the attribute setters?  (Whatever we do, we're setting precedent for all future interfaces representing <code>&lt;number&gt;</code> values.)</p>", 
    "closed_at": null, 
    "closed_by": null, 
    "comments": 4, 
    "comments_url": "https://api.github.com/repos/w3c/css-houdini-drafts/issues/365/comments", 
    "created_at": "2017-03-07T23:59:01Z", 
    "events_url": "https://api.github.com/repos/w3c/css-houdini-drafts/issues/365/events", 
    "html_url": "https://github.com/w3c/css-houdini-drafts/issues/365", 
    "id": 212597191, 
    "labels": [
      {
        "color": "c5def5", 
        "default": false, 
        "id": 260299341, 
        "name": "css-typed-om-1", 
        "url": "https://api.github.com/repos/w3c/css-houdini-drafts/labels/css-typed-om-1"
      }
    ], 
    "labels_url": "https://api.github.com/repos/w3c/css-houdini-drafts/issues/365/labels{/name}", 
    "locked": false, 
    "milestone": null, 
    "number": 365, 
    "repository_url": "https://api.github.com/repos/w3c/css-houdini-drafts", 
    "state": "open", 
    "title": "[css-typed-om] Why don't the transform constructors/attributes accept CSSUnitValues?", 
    "updated_at": "2017-04-04T00:10:00Z", 
    "url": "https://api.github.com/repos/w3c/css-houdini-drafts/issues/365", 
    "user": {
      "avatar_url": "https://avatars3.githubusercontent.com/u/682840?v=3", 
      "events_url": "https://api.github.com/users/tabatkins/events{/privacy}", 
      "followers_url": "https://api.github.com/users/tabatkins/followers", 
      "following_url": "https://api.github.com/users/tabatkins/following{/other_user}", 
      "gists_url": "https://api.github.com/users/tabatkins/gists{/gist_id}", 
      "gravatar_id": "", 
      "html_url": "https://github.com/tabatkins", 
      "id": 682840, 
      "login": "tabatkins", 
      "organizations_url": "https://api.github.com/users/tabatkins/orgs", 
      "received_events_url": "https://api.github.com/users/tabatkins/received_events", 
      "repos_url": "https://api.github.com/users/tabatkins/repos", 
      "site_admin": false, 
      "starred_url": "https://api.github.com/users/tabatkins/starred{/owner}{/repo}", 
      "subscriptions_url": "https://api.github.com/users/tabatkins/subscriptions", 
      "type": "User", 
      "url": "https://api.github.com/users/tabatkins"
    }
  }, 
  "w3c/css-houdini-drafts/366": {
    "ETag": "W/\"62c9faba472f8b8a6e34611794a8acad\"", 
    "assignee": null, 
    "assignees": [], 
    "body_html": "<p>Our new direction for separating 2d vs 3d transform values (a flippable is2D switch, that ignores sets to the 3d-related attributes when it's true) works great for most of the transform subclasses.  But CSSMatrixComponent is a little trickier, because it's 3d-related attributes are in a sub-object (its <code>.matrix</code> attribute), which we don't have direct control of.</p>\n<p>So, what to do here when <code>is2D</code> is true?</p>\n<p>One possibility is to enforce 2d-ness: on set, set the internal slot's matrix to reflect <em>just</em> the 2d indexes of the supplied matrix; on get, return a DOMMatrix reflecting just the 2d indexes of the internal slot's matrix.</p>\n<p>Or we can make this one special and implicit - on set, if the matrix is 3d, silently set the <code>is2D</code> flag to false as well; on get, if <code>is2D</code> is true, return a matrix with only the 2d indexes of the internal slots' matrix.</p>\n<p>Or we can be closer to the other objects - on set, if <code>is2D</code> is true and the matrix is 3d, do nothing; on get, if <code>is2D</code> is true, return a matrix with only the 2d indexes of the internal slot's matrix.  This might be a little harsher, tho.</p>", 
    "closed_at": null, 
    "closed_by": null, 
    "comments": 3, 
    "comments_url": "https://api.github.com/repos/w3c/css-houdini-drafts/issues/366/comments", 
    "created_at": "2017-03-08T00:27:39Z", 
    "events_url": "https://api.github.com/repos/w3c/css-houdini-drafts/issues/366/events", 
    "html_url": "https://github.com/w3c/css-houdini-drafts/issues/366", 
    "id": 212601690, 
    "labels": [
      {
        "color": "c5def5", 
        "default": false, 
        "id": 260299341, 
        "name": "css-typed-om-1", 
        "url": "https://api.github.com/repos/w3c/css-houdini-drafts/labels/css-typed-om-1"
      }
    ], 
    "labels_url": "https://api.github.com/repos/w3c/css-houdini-drafts/issues/366/labels{/name}", 
    "locked": false, 
    "milestone": null, 
    "number": 366, 
    "repository_url": "https://api.github.com/repos/w3c/css-houdini-drafts", 
    "state": "open", 
    "title": "[css-typed-om] What to do with a 2d CSSMatrixComponent set to a 3d DOMMatrix?", 
    "updated_at": "2017-04-03T19:20:30Z", 
    "url": "https://api.github.com/repos/w3c/css-houdini-drafts/issues/366", 
    "user": {
      "avatar_url": "https://avatars3.githubusercontent.com/u/682840?v=3", 
      "events_url": "https://api.github.com/users/tabatkins/events{/privacy}", 
      "followers_url": "https://api.github.com/users/tabatkins/followers", 
      "following_url": "https://api.github.com/users/tabatkins/following{/other_user}", 
      "gists_url": "https://api.github.com/users/tabatkins/gists{/gist_id}", 
      "gravatar_id": "", 
      "html_url": "https://github.com/tabatkins", 
      "id": 682840, 
      "login": "tabatkins", 
      "organizations_url": "https://api.github.com/users/tabatkins/orgs", 
      "received_events_url": "https://api.github.com/users/tabatkins/received_events", 
      "repos_url": "https://api.github.com/users/tabatkins/repos", 
      "site_admin": false, 
      "starred_url": "https://api.github.com/users/tabatkins/starred{/owner}{/repo}", 
      "subscriptions_url": "https://api.github.com/users/tabatkins/subscriptions", 
      "type": "User", 
      "url": "https://api.github.com/users/tabatkins"
    }
  }
}